"variable","gene_name","coef"
"(Intercept)",NA,-1.71921535750471
"RenormalizedAge",NA,-0.439617863132367
"RenormalizedGender",NA,0.0123419830710304
"ENSG00000125538","IL1B",-0.0596883445016883
"ENSG00000126709","IFI6",0.358566303204707
"ENSG00000165949","IFI27",0.0194159975497278
