"variable","gene_name","coef"
"(Intercept)",NA,-2.12074003706462
"RenormalizedAge",NA,-0.450045830724723
"RenormalizedGender",NA,0.115385027263351
"ENSG00000125538","IL1B",-0.083057675739822
"ENSG00000126709","IFI6",0.387240076120261
"ENSG00000165949","IFI27",0.0498060632475562
