"variable","gene_name","coef"
"ENSG00000126709","IFI6",0.397514509083393
"ENSG00000115590","IL1R2",-0.0180454353707234
"ENSG00000125538","IL1B",-0.0889537600943732
"ENSG00000204544","MUC21",-0.0326537588687034
"ENSG00000099139","PCSK5",0.0278252373852249
"ENSG00000133316","WDR74",0.0604726611646068
"ENSG00000165949","IFI27",0.112081643760942
"(Intercept)",NA,-3.18727475911563
"RenormalizedAge",NA,-0.416803529660524
"RenormalizedGender",NA,0.0218584612814308
