"variable","gene_name","coef"
"(Intercept)",NA,-3.09718255242424
"ENSG00000099139","PCSK5",0.00122752036585506
"ENSG00000115590","IL1R2",-0.0461591197101057
"ENSG00000125538","IL1B",-0.0658987011682583
"ENSG00000126709","IFI6",0.409886285850641
"ENSG00000165949","IFI27",0.0129983686001159
