"variable","gene_name","coef"
"(Intercept)",NA,-2.91705263888097
"ENSG00000115590","IL1R2",-0.0375232232276857
"ENSG00000125538","IL1B",-0.0563181232306631
"ENSG00000126709","IFI6",0.388371034362108
