"variable","gene_name","coef"
"(Intercept)",NA,-1.02957083727784
"RenormalizedAge",NA,-0.49231490660378
"RenormalizedGender",NA,0.0957491262639588
"ENSG00000126709","IFI6",0.246070301486274
