"variable","gene_name","coef"
"(Intercept)",NA,-0.974570252707424
"RenormalizedAge",NA,-0.473439574388308
"RenormalizedGender",NA,-0.00508997630681327
"ENSG00000126709","IFI6",0.246037215256826
